id,url,title
0,./articles/CBMiOGh0dHBzOi8vYnVzaW5lc3Mubmlra2VpLmNvbS9hdGNsL2dlbi8xOS8wMDExOS8wNjAyMDAwMjYv0gEA?hl=ja&gl=JP&ceid=JP%3Aja,「アメリカは暴力の上に生まれた」 NYで聞いた抗議デモの真意
1,./articles/CBMiSGh0dHBzOi8vaGVhZGxpbmVzLnlhaG9vLmNvLmpwL3ZpZGVvbmV3cy9qbm4_YT0yMDIwMDYwMi0wMDAwMDA1MC1qbm4tc29jadIBAA?hl=ja&gl=JP&ceid=JP%3Aja,【速報】東京アラート発動の方針固める（TBS系（JNN）） - Yahoo!ニュース
2,./articles/CBMiPmh0dHBzOi8vd3d3My5uaGsub3IuanAvbmV3cy9odG1sLzIwMjAwNjAyL2sxMDAxMjQ1NTY1MTAwMC5odG1s0gFCaHR0cHM6Ly93d3czLm5oay5vci5qcC9uZXdzL2h0bWwvMjAyMDA2MDIvYW1wL2sxMDAxMjQ1NTY1MTAwMC5odG1s?hl=ja&gl=JP&ceid=JP%3Aja,北九州 新たに6人の感染確認 新型コロナウイルス
3,./articles/CBMiPmh0dHBzOi8vd3d3LnNhbmtlaS5jb20vd29ybGQvbmV3cy8yMDA2MDIvd29yMjAwNjAyMDAyMy1uMS5odG1s0gE8aHR0cHM6Ly93d3cuc2Fua2VpLmNvbS93b3JsZC9hbXAvMjAwNjAyL3dvcjIwMDYwMjAwMjMtYS5odG1s?hl=ja&gl=JP&ceid=JP%3Aja,韓国、ＷＴＯ提訴手続き再開へ 日本の輸出管理厳格化に対抗
4,./articles/CBMiQWh0dHBzOi8vd3d3Lm5ld3N3ZWVramFwYW4uanAvc3Rvcmllcy93b3JsZC8yMDIwLzA2L3Bvc3QtOTM1NjgucGhw0gFFaHR0cHM6Ly93d3cubmV3c3dlZWtqYXBhbi5qcC9hbXAvc3Rvcmllcy93b3JsZC8yMDIwLzA2L3Bvc3QtOTM1NjgucGhw?hl=ja&gl=JP&ceid=JP%3Aja,米､警官に暴行された黒人男性の死因は「窒息｣ 独立検視官、殺人と断定
5,./articles/CBMiJWh0dHBzOi8vd3d3LmJiYy5jb20vamFwYW5lc2UvNTI4ODcxMDTSASlodHRwczovL3d3dy5iYmMuY29tL2phcGFuZXNlL2FtcC81Mjg4NzEwNA?hl=ja&gl=JP&ceid=JP%3Aja,新型ウイルスの終息を願う花火、日本各地で一斉に
6,./articles/CBMiOWh0dHBzOi8vbWFpbmljaGkuanAvYXJ0aWNsZXMvMjAyMDA2MDIvazAwLzAwbS8wNDAvMTQ0MDAwY9IBPWh0dHBzOi8vbWFpbmljaGkuanAvYXJ0aWNsZXMvMjAyMDA2MDIvazAwLzAwbS8wNDAvMTQ0MDAwYy5hbXA?hl=ja&gl=JP&ceid=JP%3Aja,ブルーインパルス飛行「『私が発案』はやぼ」 経緯説明なしで防衛相が釈明 - 毎日新聞
7,./articles/CBMiPGh0dHBzOi8vd3d3Lm5pa2tlaS5jb20vYXJ0aWNsZS9ER1hNWk81OTg4NDUxMFMwQTYwMEMyMDAwMDAwL9IBAA?hl=ja&gl=JP&ceid=JP%3Aja,愛知知事の解職運動開始へ 高須院長、芸術祭巡り
8,./articles/CBMiMmh0dHBzOi8vbmV3cy5saXZlZG9vci5jb20vYXJ0aWNsZS9kZXRhaWwvMTgzNTMyNzIv0gE7aHR0cHM6Ly9uZXdzLmxpdmVkb29yLmNvbS9saXRlL2FydGljbGVfZGV0YWlsX2FtcC8xODM1MzI3Mi8?hl=ja&gl=JP&ceid=JP%3Aja,都内で新たに30人以上の感染者 5月14日以来の30人超え
9,./articles/CAIiEAQXMUEiT9-EgTTjR2KKjDIqGQgEKhAIACoHCAowltHeCjCnpdYBMK6coQM?hl=ja&gl=JP&ceid=JP%3Aja,安倍首相、求心力低下浮き彫り 「９月入学」構想頓挫で
10,./articles/CBMiP2h0dHBzOi8vbmV3cy55YWhvby5jby5qcC9ieWxpbmUva2ltdXJhbWFzYXRvLzIwMjAwNjAyLTAwMTgxNDYyL9IBAA?hl=ja&gl=JP&ceid=JP%3Aja,「西側は空母や航空機を派遣して香港市民を避難させる心構えも」“香港の鉄の女”インタビュー（下）（木村正人） - Yahoo!ニュース
11,./articles/CAIiEI8XTlq5oC2g7e-Qa6mfmzUqGQgEKhAIACoHCAowkJuJCzCNvYgDMKzgnwY?hl=ja&gl=JP&ceid=JP%3Aja,真っ昼間のソウル駅、監視カメラの死角で男が女性に暴行 韓国
12,./articles/CBMiNGh0dHBzOi8vd3d3LnlvbWl1cmkuY28uanAvd29ybGQvMjAyMDA2MDItT1lUMVQ1MDExNi_SAThodHRwczovL3d3dy55b21pdXJpLmNvLmpwL3dvcmxkLzIwMjAwNjAyLU9ZVDFUNTAxMTYvYW1wLw?hl=ja&gl=JP&ceid=JP%3Aja,Ｇ７に韓国招待、文氏「喜んで」…トランプ氏と電話会談
13,./articles/CBMiMmh0dHBzOi8vbmV3cy5saXZlZG9vci5jb20vYXJ0aWNsZS9kZXRhaWwvMTgzNTE5ODUv0gE7aHR0cHM6Ly9uZXdzLmxpdmVkb29yLmNvbS9saXRlL2FydGljbGVfZGV0YWlsX2FtcC8xODM1MTk4NS8?hl=ja&gl=JP&ceid=JP%3Aja,トランプ氏の演説に抗議しホワイトハウス前でデモ 警官隊が催涙ガス発射
14,./articles/CBMiPGh0dHBzOi8vd3d3Lm5pa2tlaS5jb20vYXJ0aWNsZS9ER1hNWk81OTg3OTQwMFMwQTYwMEMyRUU5MDAwL9IBAA?hl=ja&gl=JP&ceid=JP%3Aja,新型コロナ:キャッシュレス決済、手数料の開示義務化 競争促す
15,./articles/CBMiNmh0dHBzOi8vbmV3cy50YnMuY28uanAvbmV3c2V5ZS90YnNfbmV3c2V5ZTM5OTM4MzQuaHRtbNIBAA?hl=ja&gl=JP&ceid=JP%3Aja,梶山経産相「電通は直接受託しないことを原則としている」
16,./articles/CBMiI2h0dHBzOi8vd3d3LmZubi5qcC9hcnRpY2xlcy8tLzQ4MzA40gEA?hl=ja&gl=JP&ceid=JP%3Aja,新型コロナ 東京都で新たに30人以上の感染確認
17,./articles/CBMiQ2h0dHBzOi8vd3d3LmJsb29tYmVyZy5jby5qcC9uZXdzL2FydGljbGVzLzIwMjAtMDYtMDIvUUJBQ0ZSVDFVTTBXMDHSAQA?hl=ja&gl=JP&ceid=JP%3Aja,日銀と金融庁、ＣＬＯ投資などで慎重姿勢呼びかけー二番底リスク警戒
18,./articles/CBMiP2h0dHBzOi8vd3d3Lmdpem1vZG8uanAvMjAyMC8wNi9zZW5uaGVpc2VyLWhkLTI1LTMwdGgtYW5uaXYuaHRtbNIBQ2h0dHBzOi8vd3d3Lmdpem1vZG8uanAvYW1wLzIwMjAvMDYvc2VubmhlaXNlci1oZC0yNS0zMHRoLWFubml2Lmh0bWw?hl=ja&gl=JP&ceid=JP%3Aja,ゼンハイザーの定番ヘッドフォン｢HD25｣が30周年のイエローモデルで登場。しかもセール価格ときた
19,./articles/CAIiEOvy2W2Lh3Jnra3NP2pQiaAqGQgEKhAIACoHCAow8cDwCjC_77oCMOPiqAU?hl=ja&gl=JP&ceid=JP%3Aja,レノボ、30000円から買えるノート型 / 2in1型Chromebook3機種
20,./articles/CBMiOmh0dHBzOi8vd3d3LnBoaWxld2ViLmNvbS9zcC9uZXdzL2hvYmJ5LzIwMjAwNi8wMi8zMjk0Lmh0bWzSAQA?hl=ja&gl=JP&ceid=JP%3Aja,ソニー、PS5のゲーム披露イベントを延期。「お祝いの時ではない」
21,./articles/CBMiMWh0dHBzOi8vd3d3LmZhbWl0c3UuY29tL25ld3MvMjAyMDA2LzAyMTk5NTAzLmh0bWzSATRodHRwczovL3d3dy5mYW1pdHN1LmNvbS9uZXdzL2FtcC8yMDIwMDYvMDIxOTk1MDMucGhw?hl=ja&gl=JP&ceid=JP%3Aja,“Xbox Game Pass for PC 同梱パソコン”がサードウェーブから本日発売。30日間トライアルコードつき！
22,./articles/CBMiRGh0dHBzOi8vd3d3Lm5pa2thbnNwb3J0cy5jb20vZW50ZXJ0YWlubWVudC9uZXdzLzIwMjAwNjAxMDAwMDg1OC5odG1s0gFKaHR0cHM6Ly93d3cubmlra2Fuc3BvcnRzLmNvbS9tL2VudGVydGFpbm1lbnQvbmV3cy9hbXAvMjAyMDA2MDEwMDAwODU4Lmh0bWw?hl=ja&gl=JP&ceid=JP%3Aja,引退の渡辺麻友は週刊誌も「無理だった」サイボーグ
23,./articles/CBMiSGh0dHBzOi8vbmV3cy5iaWdsb2JlLm5lLmpwL2VudGVydGFpbm1lbnQvMDYwMi9qb2pfMjAwNjAyXzI5MzgzNjk0MTcuaHRtbNIBUmh0dHBzOi8vbmV3cy5iaWdsb2JlLm5lLmpwL3NtYXJ0L2FtcC9lbnRlcnRhaW5tZW50LzA2MDIvam9qXzIwMDYwMl8yOTM4MzY5NDE3Lmh0bWw?hl=ja&gl=JP&ceid=JP%3Aja,カズ長男の名前が話題 三浦けものへんに寮のうかんむりなし太（2020年6月2日）｜BIGLOBEニュース
24,./articles/CBMi1wFodHRwczovL2ltYS5nb28ubmUuanAvd29yZC8xNzU5OTQvJUU2JTk2JTg3JUU2JTk4JUE1JUU1JUEwJUIxJUU5JTgxJTkzJUUzJTgxJUE3JUUzJTgwJThFJUUzJTgyJUI5JUUzJTgzJTgzJUUzJTgyJUFEJUUzJTgzJUFBJUUzJTgwJThGJUU5JTk5JThEJUU2JTlEJUJGJUUzJTgxJThCJUUzJTgwJThDNiVFNiU5QyU4OCVFNiU5QyVBQiVFMyU4MSVBQiVFMiU4MCVBNiVFMyU4MCU4RNIBAA?hl=ja&gl=JP&ceid=JP%3Aja,文春報道で『スッキリ』降板か「6月末に…」
25,./articles/CBMiO2h0dHBzOi8vbmxhYi5pdG1lZGlhLmNvLmpwL25sL2FydGljbGVzLzIwMDYvMDIvbmV3czA5NS5odG1s0gEA?hl=ja&gl=JP&ceid=JP%3Aja,怖い動画「もぺもぺ」がYouTubeにより“子ども向け”へ強制的に設定変更され作者困惑 「子ども泣く」「公式エルサゲート」
26,./articles/CBMiQmh0dHBzOi8vaGVhZGxpbmVzLnlhaG9vLmNvLmpwL2hsP2E9MjAyMDA2MDItMDAwMDAyMDctc3BuYW5uZXgtYmFzZdIBAA?hl=ja&gl=JP&ceid=JP%3Aja,昨季王者同士の対決は激しい点の取り合い…巨人は菅野4回5K好投もビエイラ1回もたず5四球5失点（スポニチアネックス） - Yahoo!
27,./articles/CAIiEHmvt_JBiqXMY4TLAfSe-6sqGQgEKhAIACoHCAow0fONCzDyzKADMK6aqgY?hl=ja&gl=JP&ceid=JP%3Aja,レッドブルF1 「メルセデスの舞台裏で多くのことが起こっている」
28,./articles/CBMiOWh0dHBzOi8vbmV3cy5nb28ubmUuanAvYXJ0aWNsZS9hbnMvc3BvcnRzL2Fucy0xMTU2MzIuaHRtbNIBPWh0dHBzOi8vbmV3cy5nb28ubmUuanAvYW1wL2FydGljbGUvYW5zL3Nwb3J0cy9hbnMtMTE1NjMyLmh0bWw?hl=ja&gl=JP&ceid=JP%3Aja,ウッズ、黒人死亡事件で心中告白 暴徒化する母国を憂慮「痛ましい悲劇は一線越えた」
29,./articles/CBMiR2h0dHBzOi8vd3d3LnNhbnNwby5jb20vYmFzZWJhbGwvbmV3cy8yMDIwMDYwMi90aWcyMDA2MDIxNzQ2MDAwOS1uMS5odG1s0gFFaHR0cHM6Ly93d3cuc2Fuc3BvLmNvbS9iYXNlYmFsbC9hbXAvMjAyMDA2MDIvdGlnMjAwNjAyMTc0NjAwMDktYS5odG1s?hl=ja&gl=JP&ceid=JP%3Aja,阪神が広島に３－２で勝利 ４番・ボーアが日本での初アーチに「うれしい」
